"","mean","se_mean","sd","10%","50%","90%","n_eff","Rhat"
"a_Birch",1.21813993053623,0.0109326399639945,0.663550037088351,0.466809703050324,1.20313407091409,2.00199304625758,3683.81034744722,0.999803293538512
"a_Elkhorn",1.06483389042201,0.0137313513196915,0.512141159513829,0.393594569626473,1.06044930339174,1.7061428587381,1391.08223101721,1.00166889371669
"a_Grass Springs",1.06483389042201,0.0137313513196915,0.512141159513829,0.393594569626473,1.06044930339174,1.7061428587381,1391.08223101721,1.00166889371669
"a_Underdown",1.06483389042201,0.0137313513196915,0.512141159513829,0.393594569626473,1.06044930339174,1.7061428587381,1391.08223101721,1.00166889371669
"a_Wall",1.91670430886086,0.0129488573785738,0.747827367227103,0.935430570540921,2.04465695304933,2.67313067556413,3335.33771084546,1.00155392004245
